이름,Country,Director,Duration,Genre,Rating,Theme,Year
버닝,,이창동,,,,,
블루 발렌타인,,데릭 시엔프랜스,,,,,
릴리 슈슈의 모든 것,,이와이 슌지,,,,,
하나와 앨리스,,이와이 슌지,,,,,
세계의 주인,,윤가은,,,,,
박화영,,이환,,,,,
위대한 개츠비,,바즈 루어만,,,,,
라스트 홀리데이,,웨인 왕,,,,,
원 배틀 애프터 어나더,,폴 토머스 앤더슨,,,,,
세 가지 색: 블루,,크지슈토프 키에슬로프스키,,,,,
시라트,,올리버 라세,,,,,
마이 선샤인,,오쿠야마 히로시,,,,,
물에 빠진 나이프,일본,야마토 유키,1h 51m,"드라마, 로맨스",3.0,휘몰아치는 청춘,2016
혐오스런 마츠코의 일생,,나카시마 테츠야,,,,,
문라이트킹덤,,웨스 앤더슨,,,,,
나이트 크롤러,,,,,,,
부고니아,,,,,,,
만약에 우리,,,,,,,
퐁네프의 연인들,,,,,,,
셔터 아일랜드,,,,,,,
시카리오,,,,,,,
세 가지 색: 화이트,,,,,,,
씨너스: 죄인들,,,,,,,
탑건: 매버릭,,,,,,,
베놈,,,,,,,
호퍼스,,,,,,,
올빼미,,,,,,,
아나콘다,,,,,,,
매트릭스2,,,,,,,
매트릭스3,,,,,,,
프로젝트 Y,,,,,,,
바비,,,,,,,
세 가지 색: 레드,,,,,,,
"핫스팟: 우주인 출몰 주의! ",,,,,,,
모두가 자신의 무가치함과 싸우고 있다,,,,드라마,,,
우리들,,윤가은,,,,,